﻿designator,quantity,value,pack,mpn,mount_type
"9V1, KI1, KO1, L1, L2, TI1, TO1",7,Conn_01x02,PinHeader_1x02_P2.00mm_Vertical,,tht
"C1, C29, C3",3,0.1u,C_0603_1608Metric,,smt
"C10, C16, C19, C20, C21, C22, C23, C28, C9",9,1u,C_0603_1608Metric,,smt
C11,1,2.2n,C_0603_1608Metric,,smt
C12,1,27n,C_0603_1608Metric,,smt
C13,1,820p,C_0603_1608Metric,,smt
C14,1,3.9n,C_0603_1608Metric,,smt
"C15, C2",2,4.7u,C_Rect_L7.2mm_W7.2mm_P5.00mm_FKS2_FKP2_MKS2_MKP2,,tht
"C17, C18",2,47u,CP_Radial_D5.0mm_P2.50mm,,tht
C24,1,47n,C_0603_1608Metric,,smt
C25,1,51p,C_0603_1608Metric,,smt
"C26, C27",2,0.22u,C_0603_1608Metric,,smt
C30,1,10u,CP_Radial_D5.0mm_P2.50mm,,tht
C31,1,0.02u,C_0603_1608Metric,,smt
"C4, C5",2,68n,C_0603_1608Metric,,smt
C6,1,390n,C_0603_1608Metric,,smt
C7,1,82n,C_0603_1608Metric,,smt
C8,1,390p,C_0603_1608Metric,,smt
"D1, D2",2,BAT41,D_DO-35_SOD27_P7.62mm_Horizontal,,tht
D3,1,1N47xxA,D_DO-41_SOD81_P7.62mm_Horizontal,,tht
"D4, D5",2,1N4001,D_DO-41_SOD81_P7.62mm_Horizontal,,tht
"D6, D7",2,1N4148,D_DO-35_SOD27_P7.62mm_Horizontal,,tht
KB1,1,Conn_01x01,PinHeader_1x01_P2.00mm_Vertical,,tht
"Q1, Q2",2,2SC1815,TO-92_Inline,,tht
"R1, R6",2,10K,R_0603_1608Metric,,smt
R10,1,2K,R_0603_1608Metric,,smt
"R11, R19",2,15K,R_0603_1608Metric,,smt
R12,1,442K,R_0603_1608Metric,,smt
"R13, R9",2,1K,R_0603_1608Metric,,smt
"R14, R34, R37, R38",4,1k,R_0603_1608Metric,,smt
R15,1,22K,R_0603_1608Metric,,smt
R16,1,47K,R_0603_1608Metric,,smt
R17,1,27K,R_0603_1608Metric,,smt
R18,1,12K,R_0603_1608Metric,,smt
R2,1,1M,R_0603_1608Metric,,smt
R20,1,392K,R_0603_1608Metric,,smt
R21,1,1.8K,R_0603_1608Metric,,smt
"R22, R24, R3",3,100K,R_0603_1608Metric,,smt
R23,1,4.7K,R_0603_1608Metric,,smt
"R25, R4",2,560R,R_0603_1608Metric,,smt
"R26, R39",2,510k,R_0603_1608Metric,,smt
"R27, R31, R35, R40, R42",5,10k,R_0603_1608Metric,,smt
"R29, R30",2,27k,R_0603_1608Metric,,smt
R32,1,4k7,R_0603_1608Metric,,smt
R33,1,51k,R_0603_1608Metric,,smt
"R36, RCLR1, RCLR2",3,220R,R_0603_1608Metric,,smt
R41,1,100R,R_0603_1608Metric,,smt
R5,1,5.1K,R_0603_1608Metric,,smt
"R7, R8",2,1.5K,R_0603_1608Metric,,smt
RV2-Treble1,1,10Kb,Potentiometer_Piher_PC-16_Single_Vertical,,tht
RV3-Level1,1,10kb,Potentiometer_Piher_PC-16_Single_Vertical,,tht
RVGain1,1,500ka,Potentiometer_Piher_PC-16_Single_Vertical,,tht
"RVGain_A1, RV_Gain_B1",2,100kb,Potentiometer_Piher_PC-16_Single_Vertical,,tht
RVLevel1,1,100ka,Potentiometer_Piher_PC-16_Single_Vertical,,tht
RVTone1,1,20kb,Potentiometer_Piher_PC-16_Single_Vertical,,tht
"U1, U2, U4",3,TL072,DIP-8_W7.62mm,,tht
U3,1,LTC1044,DIP-8_W7.62mm,,tht
