﻿pos_x,pos_y,rotation,side,designator,mpn,pack,value,mount_type,place
103.27,-32.76,90.0,top,9V1,,PinHeader_1x02_P2.00mm_Vertical,Conn_01x02,tht,True
81.565,-80.74,0.0,top,C1,,C_0603_1608Metric,0.1u,smt,True
118.25,-77.575,-90.0,top,C10,,C_0603_1608Metric,1u,smt,True
122.3,-77.56,-90.0,top,C11,,C_0603_1608Metric,2.2n,smt,True
98.115,-94.99,0.0,top,C12,,C_0603_1608Metric,27n,smt,True
112.495,-84.02,0.0,top,C13,,C_0603_1608Metric,820p,smt,True
101.42,-96.23,0.0,top,C14,,C_0603_1608Metric,3.9n,smt,True
123.81,-90.81,90.0,top,C15,,C_Rect_L7.2mm_W7.2mm_P5.00mm_FKS2_FKP2_MKS2_MKP2,4.7u,tht,True
97.86,-88.71,-90.0,top,C16,,C_0603_1608Metric,1u,smt,True
83.315113,-60.3,180.0,top,C17,,CP_Radial_D5.0mm_P2.50mm,47u,tht,True
86.99,-66.8,180.0,top,C18,,CP_Radial_D5.0mm_P2.50mm,47u,tht,True
93.5,-64.0,-90.0,top,C19,,C_0603_1608Metric,1u,smt,True
80.36,-97.4,90.0,top,C2,,C_Rect_L7.2mm_W7.2mm_P5.00mm_FKS2_FKP2_MKS2_MKP2,4.7u,tht,True
91.25,-64.0,-90.0,top,C20,,C_0603_1608Metric,1u,smt,True
95.69,-64.005,-90.0,top,C21,,C_0603_1608Metric,1u,smt,True
86.545,-56.4,180.0,top,C22,,C_0603_1608Metric,1u,smt,True
116.54,-54.95,-90.0,top,C23,,C_0603_1608Metric,1u,smt,True
113.19,-60.02,-90.0,top,C24,,C_0603_1608Metric,47n,smt,True
114.99,-60.02,90.0,top,C25,,C_0603_1608Metric,51p,smt,True
119.75,-69.775,-90.0,top,C26,,C_0603_1608Metric,0.22u,smt,True
123.5,-69.75,90.0,top,C27,,C_0603_1608Metric,0.22u,smt,True
129.07,-62.415,-90.0,top,C28,,C_0603_1608Metric,1u,smt,True
103.99,-70.32,0.0,top,C29,,C_0603_1608Metric,0.1u,smt,True
85.825,-77.68,0.0,top,C3,,C_0603_1608Metric,0.1u,smt,True
94.86,-69.12,180.0,top,C30,,CP_Radial_D5.0mm_P2.50mm,10u,tht,True
114.29,-51.5,-90.0,top,C31,,C_0603_1608Metric,0.02u,smt,True
78.165,-85.98,0.0,top,C4,,C_0603_1608Metric,68n,smt,True
92.415,-77.68,0.0,top,C5,,C_0603_1608Metric,68n,smt,True
81.57,-85.96,0.0,top,C6,,C_0603_1608Metric,390n,smt,True
101.96,-85.2,90.0,top,C7,,C_0603_1608Metric,82n,smt,True
99.03,-85.17,90.0,top,C8,,C_0603_1608Metric,390p,smt,True
95.22,-80.9,90.0,top,C9,,C_0603_1608Metric,1u,smt,True
112.31,-80.32,180.0,top,D1,,D_DO-35_SOD27_P7.62mm_Horizontal,BAT41,tht,True
112.3,-77.48,180.0,top,D2,,D_DO-35_SOD27_P7.62mm_Horizontal,BAT41,tht,True
100.395,-52.87,0.0,top,D3,,D_DO-41_SOD81_P7.62mm_Horizontal,1N47xxA,tht,True
108.015,-59.92,180.0,top,D4,,D_DO-41_SOD81_P7.62mm_Horizontal,1N4001,tht,True
100.405,-56.42,0.0,top,D5,,D_DO-41_SOD81_P7.62mm_Horizontal,1N4001,tht,True
111.64,-70.65,90.0,top,D6,,D_DO-35_SOD27_P7.62mm_Horizontal,1N4148,tht,True
114.24,-70.65,90.0,top,D7,,D_DO-35_SOD27_P7.62mm_Horizontal,1N4148,tht,True
92.43,-99.48,0.0,top,KB1,,PinHeader_1x01_P2.00mm_Vertical,Conn_01x01,tht,True
103.26,-36.09,90.0,top,KI1,,PinHeader_1x02_P2.00mm_Vertical,Conn_01x02,tht,True
96.59,-99.52,90.0,top,KO1,,PinHeader_1x02_P2.00mm_Vertical,Conn_01x02,tht,True
86.36,-99.56,90.0,top,L1,,PinHeader_1x02_P2.00mm_Vertical,Conn_01x02,tht,True
117.38,-99.56,90.0,top,L2,,PinHeader_1x02_P2.00mm_Vertical,Conn_01x02,tht,True
122.25,-52.7,0.0,top,Q1,,TO-92_Inline,2SC1815,tht,True
102.78,-65.27,0.0,top,Q2,,TO-92_Inline,2SC1815,tht,True
78.155,-80.73,0.0,top,R1,,R_0603_1608Metric,10K,smt,True
100.74,-80.88,-90.0,top,R10,,R_0603_1608Metric,2K,smt,True
104.87,-85.15,-90.0,top,R11,,R_0603_1608Metric,15K,smt,True
95.95,-85.15,90.0,top,R12,,R_0603_1608Metric,442K,smt,True
97.83,-80.9,-90.0,top,R13,,R_0603_1608Metric,1K,smt,True
116.54,-51.505,90.0,top,R14,,R_0603_1608Metric,1k,smt,True
122.31,-81.09,-90.0,top,R15,,R_0603_1608Metric,22K,smt,True
118.25,-81.09,-90.0,top,R16,,R_0603_1608Metric,47K,smt,True
97.145,-92.28,90.0,top,R17,,R_0603_1608Metric,27K,smt,True
99.195,-92.275,90.0,top,R18,,R_0603_1608Metric,12K,smt,True
100.74,-88.71,-90.0,top,R19,,R_0603_1608Metric,15K,smt,True
81.455,-83.31,180.0,top,R2,,R_0603_1608Metric,1M,smt,True
112.495,-85.68,0.0,top,R20,,R_0603_1608Metric,392K,smt,True
116.68,-86.89,90.0,top,R21,,R_0603_1608Metric,1.8K,smt,True
116.67,-90.51,-90.0,top,R22,,R_0603_1608Metric,100K,smt,True
116.93,-94.35,0.0,top,R23,,R_0603_1608Metric,4.7K,smt,True
116.975,-96.2,0.0,top,R24,,R_0603_1608Metric,100K,smt,True
126.63,-79.365,90.0,top,R25,,R_0603_1608Metric,560R,smt,True
118.79,-51.505,-90.0,top,R26,,R_0603_1608Metric,510k,smt,True
118.79,-54.95,90.0,top,R27,,R_0603_1608Metric,10k,smt,True
86.54,-52.92,0.0,top,R29,,R_0603_1608Metric,27k,smt,True
92.34,-93.33,0.0,top,R3,,R_0603_1608Metric,100K,smt,True
86.535,-54.66,0.0,top,R30,,R_0603_1608Metric,27k,smt,True
114.25,-54.95,-90.0,top,R31,,R_0603_1608Metric,10k,smt,True
111.28,-60.015,90.0,top,R32,,R_0603_1608Metric,4k7,smt,True
127.36,-65.63,90.0,top,R33,,R_0603_1608Metric,51k,smt,True
117.97,-69.805,90.0,top,R34,,R_0603_1608Metric,1k,smt,True
121.62,-69.78,90.0,top,R35,,R_0603_1608Metric,10k,smt,True
125.5,-69.75,90.0,top,R36,,R_0603_1608Metric,220R,smt,True
127.34,-62.42,-90.0,top,R37,,R_0603_1608Metric,1k,smt,True
129.06,-65.62,-90.0,top,R38,,R_0603_1608Metric,1k,smt,True
107.14,-70.3,180.0,top,R39,,R_0603_1608Metric,510k,smt,True
92.28,-95.14,180.0,top,R4,,R_0603_1608Metric,560R,smt,True
100.715,-70.37,180.0,top,R40,,R_0603_1608Metric,10k,smt,True
98.75,-68.5,180.0,top,R41,,R_0603_1608Metric,100R,smt,True
93.58,-73.83,180.0,top,R42,,R_0603_1608Metric,10k,smt,True
78.08,-83.32,0.0,top,R5,,R_0603_1608Metric,5.1K,smt,True
89.135,-77.68,0.0,top,R6,,R_0603_1608Metric,10K,smt,True
95.22,-88.68,-90.0,top,R7,,R_0603_1608Metric,1.5K,smt,True
78.1,-88.88,180.0,top,R8,,R_0603_1608Metric,1.5K,smt,True
81.515,-88.89,180.0,top,R9,,R_0603_1608Metric,1K,smt,True
88.085,-94.75,180.0,top,RCLR1,,R_0603_1608Metric,220R,smt,True
121.06,-94.24,0.0,top,RCLR2,,R_0603_1608Metric,220R,smt,True
88.26,-73.54,90.0,top,RV2-Treble1,,Potentiometer_Piher_PC-16_Single_Vertical,10Kb,tht,True
109.01,-48.02,90.0,top,RV3-Level1,,Potentiometer_Piher_PC-16_Single_Vertical,10kb,tht,True
129.8,-48.0,90.0,top,RVGain1,,Potentiometer_Piher_PC-16_Single_Vertical,500ka,tht,True
88.27,-43.0,90.0,top,RVGain_A1,,Potentiometer_Piher_PC-16_Single_Vertical,100kb,tht,True
109.0,-73.55,90.0,top,RVLevel1,,Potentiometer_Piher_PC-16_Single_Vertical,100ka,tht,True
129.77,-73.55,90.0,top,RVTone1,,Potentiometer_Piher_PC-16_Single_Vertical,20kb,tht,True
88.25,-48.0,90.0,top,RV_Gain_B1,,Potentiometer_Piher_PC-16_Single_Vertical,100kb,tht,True
110.35,-99.56,90.0,top,TI1,,PinHeader_1x02_P2.00mm_Vertical,Conn_01x02,tht,True
103.62,-99.63,90.0,top,TO1,,PinHeader_1x02_P2.00mm_Vertical,Conn_01x02,tht,True
85.04,-81.45,0.0,top,U1,,DIP-8_W7.62mm,TL072,tht,True
112.77,-88.59,-90.0,top,U2,,DIP-8_W7.62mm,TL072,tht,True
89.59,-52.87,0.0,top,U3,,DIP-8_W7.62mm,LTC1044,tht,True
117.24,-58.7,0.0,top,U4,,DIP-8_W7.62mm,TL072,tht,True
