﻿pos_x,pos_y,rotation,side,designator,mpn,pack,value,mount_type,place
123.317,-61.659,-90.0,top,C1,,C_0603_1608Metric,10n,smt,True
170.69,-76.43,180.0,top,C10,,C_0603_1608Metric,10n,smt,True
126.619,-61.646,-90.0,top,C2,,C_0603_1608Metric,4.7u,smt,True
138.56,-59.694999,-90.0,top,C3,,C_1206_3216Metric,47u,smt,True
152.13,-71.455,90.0,top,C4,,C_0603_1608Metric,10n,smt,True
121.62,-61.65,-90.0,top,C5,,C_0603_1608Metric,4.7u,smt,True
138.59,-65.805,90.0,top,C6,,C_0603_1608Metric,100n,smt,True
141.2,-58.92,-90.0,top,C7,,C_0603_1608Metric,100n,smt,True
143.51,-58.928,-90.0,top,C8,,C_0603_1608Metric,10n,smt,True
162.81,-78.34,0.0,top,C9,,C_0603_1608Metric,5n,smt,True
147.447,-58.674,0.0,top,D1,,D_DO-41_SOD81_P10.16mm_Horizontal,1N4002,tht,True
152.97,-83.42,180.0,top,D2,,LED_D3.0mm,LED,tht,True
136.271,-84.201,90.0,top,J1,,PinSocket_1x01_P2.54mm_Vertical,Conn_01x01_Socket,tht,True
144.292,-50.394,90.0,top,J2,,PinSocket_1x02_P2.54mm_Vertical,Conn_01x02_Pin,tht,True
140.081,-84.201,90.0,top,J3,,PinSocket_1x01_P2.54mm_Vertical,Conn_01x01_Socket,tht,True
132.461,-84.201,90.0,top,J4,,PinSocket_1x01_P2.54mm_Vertical,Conn_01x01_Socket,tht,True
139.192,-50.419,90.0,top,J5,,PinSocket_1x01_P2.54mm_Vertical,Conn_01x01_Socket,tht,True
143.891,-84.201,90.0,top,J6,,PinSocket_1x01_P2.54mm_Vertical,Conn_01x01_Socket,tht,True
152.019,-50.419,90.0,top,J7,,PinSocket_1x01_P2.54mm_Vertical,Conn_01x01_Socket,tht,True
131.191,-61.214,0.0,top,Q1,,TO-92_Inline,2N3904,tht,True
144.48,-65.04,0.0,top,Q2,,TO-92_Inline,2N3904,tht,True
144.4752,-72.3392,0.0,top,Q3,,TO-92_Inline,2N3904,tht,True
124.967999,-61.659,-90.0,top,R1,,R_0603_1608Metric,1M,smt,True
153.84,-68.3,90.0,top,R10,,R_0603_1608Metric,2k,smt,True
128.27,-61.645,-90.0,top,R2,,R_0603_1608Metric,100k,smt,True
136.8298,-65.8114,-90.0,top,R3,,R_0603_1608Metric,10k,smt,True
150.368,-71.4502,-90.0,top,R4,,R_0603_1608Metric,47k,smt,True
152.1206,-68.3006,-90.0,top,R5,,R_0603_1608Metric,1k2,smt,True
150.368,-68.3006,-90.0,top,R6,,R_0603_1608Metric,100k,smt,True
170.69,-78.35,0.0,top,R7,,R_0603_1608Metric,39k,smt,True
162.81,-76.43,180.0,top,R8,,R_0603_1608Metric,22k,smt,True
137.105,-80.0,180.0,top,R9,,R_0603_1608Metric,560,smt,True
129.45,-54.67,90.0,top,RV1_Attack1,,Potentiometer_Piher_PC-16_Single_Vertical,B2k,tht,True
150.495,-54.61,90.0,top,RV2_Volume1,,Potentiometer_Piher_PC-16_Single_Vertical,A100k,tht,True
171.37,-54.624,90.0,top,RV3_Bias1,,Potentiometer_Piher_PC-16_Single_Vertical,B20k,tht,True
171.45,-82.55,90.0,top,RV4_Filter1,,Potentiometer_Piher_PC-16_Single_Vertical,B100k,tht,True
122.435,-69.87625,0.0,top,SW1,,DPDT,SW_DPDT_x2,tht,True
