﻿designator,quantity,value,pack,mpn,mount_type
"C1, C10, C4, C8",4,10n,C_0603_1608Metric,,smt
"C2, C5",2,4.7u,C_0603_1608Metric,,smt
C3,1,47u,C_1206_3216Metric,,smt
"C6, C7",2,100n,C_0603_1608Metric,,smt
C9,1,5n,C_0603_1608Metric,,smt
D1,1,1N4002,D_DO-41_SOD81_P10.16mm_Horizontal,,tht
D2,1,LED,LED_D3.0mm,,tht
"J1, J3, J4, J5, J6, J7",6,Conn_01x01_Socket,PinSocket_1x01_P2.54mm_Vertical,,tht
J2,1,Conn_01x02_Pin,PinSocket_1x02_P2.54mm_Vertical,,tht
"Q1, Q2, Q3",3,2N3904,TO-92_Inline,,tht
R1,1,1M,R_0603_1608Metric,,smt
R10,1,2k,R_0603_1608Metric,,smt
"R2, R6",2,100k,R_0603_1608Metric,,smt
R3,1,10k,R_0603_1608Metric,,smt
R4,1,47k,R_0603_1608Metric,,smt
R5,1,1k2,R_0603_1608Metric,,smt
R7,1,39k,R_0603_1608Metric,,smt
R8,1,22k,R_0603_1608Metric,,smt
R9,1,560,R_0603_1608Metric,,smt
RV1_Attack1,1,B2k,Potentiometer_Piher_PC-16_Single_Vertical,,tht
RV2_Volume1,1,A100k,Potentiometer_Piher_PC-16_Single_Vertical,,tht
RV3_Bias1,1,B20k,Potentiometer_Piher_PC-16_Single_Vertical,,tht
RV4_Filter1,1,B100k,Potentiometer_Piher_PC-16_Single_Vertical,,tht
SW1,1,SW_DPDT_x2,DPDT,,tht
